--authors
insert into authors (id, photo, slug, name, description) values (1, 'http://dummyimage.com/721x737.png/cc0000/ffffff', 'slug1', 'Aldwin Maddison', 'description1');
insert into authors (id, photo, slug, name, description) values (2, 'http://dummyimage.com/721x737.png/cc0000/ffffff', 'slug2', 'Marlene Claydon', 'description2');
insert into authors (id, photo, slug, name, description) values (3, 'http://dummyimage.com/721x737.png/cc0000/ffffff', 'slug3', 'Maurits Brende', 'description3');
insert into authors (id, photo, slug, name, description) values (4, 'http://dummyimage.com/721x737.png/cc0000/ffffff', 'slug4', 'Constantine Garton', 'description4');
insert into authors (id, photo, slug, name, description) values (5, 'http://dummyimage.com/721x737.png/cc0000/ffffff', 'slug5', 'Kali Barends', 'description5');
insert into authors (id, photo, slug, name, description) values (6, 'http://dummyimage.com/721x737.png/cc0000/ffffff', 'slug6', 'Courtnay Farleigh', 'description6');
insert into authors (id, photo, slug, name, description) values (7, 'http://dummyimage.com/721x737.png/cc0000/ffffff', 'slug7', 'Yorke MacDwyer', 'description7');
insert into authors (id, photo, slug, name, description) values (8, 'http://dummyimage.com/721x737.png/cc0000/ffffff', 'slug8', 'Cristiano Peasey', 'description8');
insert into authors (id, photo, slug, name, description) values (9, 'http://dummyimage.com/721x737.png/cc0000/ffffff', 'slug9', 'Tod Woolaston', 'description9');
insert into authors (id, photo, slug, name, description) values (10, 'http://dummyimage.com/721x737.png/cc0000/ffffff', 'slug10', 'Jen Cunney', 'description10');
insert into authors (id, photo, slug, name, description) values (11, 'http://dummyimage.com/721x737.png/cc0000/ffffff', 'slug11', 'Shalom Rodbourne', 'description11');
insert into authors (id, photo, slug, name, description) values (12, 'http://dummyimage.com/721x737.png/cc0000/ffffff', 'slug12', 'Collin Spaughton', 'description12');
insert into authors (id, photo, slug, name, description) values (13, 'http://dummyimage.com/721x737.png/cc0000/ffffff', 'slug13', 'Honoria Matthesius', 'description13');
insert into authors (id, photo, slug, name, description) values (14, 'http://dummyimage.com/721x737.png/cc0000/ffffff', 'slug14', 'Daron Scarce', 'description14');
insert into authors (id, photo, slug, name, description) values (15, 'http://dummyimage.com/721x737.png/cc0000/ffffff', 'slug15', 'Khalil Arnull', 'description15');
insert into authors (id, photo, slug, name, description) values (16, 'http://dummyimage.com/721x737.png/cc0000/ffffff', 'slug16', 'Tisha Dauber', 'description16');
insert into authors (id, photo, slug, name, description) values (17, 'http://dummyimage.com/721x737.png/cc0000/ffffff', 'slug17', 'Tedd Burles', 'description17');
insert into authors (id, photo, slug, name, description) values (18, 'http://dummyimage.com/721x737.png/cc0000/ffffff', 'slug18', 'Randie Andreas', 'description18');
insert into authors (id, photo, slug, name, description) values (19, 'http://dummyimage.com/721x737.png/cc0000/ffffff', 'slug19', 'Karlene Granger', 'description19');
insert into authors (id, photo, slug, name, description) values (20, 'http://dummyimage.com/721x737.png/cc0000/ffffff', 'slug20', 'Major Mattersley', 'description20');
insert into authors (id, photo, slug, name, description) values (21, 'http://dummyimage.com/721x737.png/cc0000/ffffff', 'slug21', 'Hatti Skelbeck', 'description21');

--books
insert into books (id, pub_date, is_bestseller, slug, title, image, description, price, discount, users_buy_book, users_added_book_to_cart, users_postponed_book) values (1, '2020/03/20', 1, 'book-ilp-658', 'King of Kings', 'http://dummyimage.com/721x737.png/cc0000/ffffff', 'Etiam pretium iaculis justo. In hac habitasse platea dictumst. Etiam faucibus cursus urna. Ut tellus. Nulla ut erat id mauris vulputate elementum.', 1008, 4, 15, 11, 32);
insert into books (id, pub_date, is_bestseller, slug, title, image, description, price, discount, users_buy_book, users_added_book_to_cart, users_postponed_book) values (2, '2018/11/25', 0, 'book-jbr-125', 'Sunset Strip', 'http://dummyimage.com/355x343.png/cc0000/ffffff', 'Duis aliquam convallis nunc. Proin at turpis a pede posuere nonummy. Integer non velit. Donec diam neque, vestibulum eget, vulputate ut, ultrices vel, augue. Vestibulum ante ipsum primis in faucibus orci luctus et ultrices posuere cubilia Curae; Donec pharetra, magna vestibulum aliquet ultrices, erat tortor sollicitudin mi, sit amet lobortis sapien sapien non mi.', 1668, 2, 0, 0, 0);
insert into books (id, pub_date, is_bestseller, slug, title, image, description, price, discount, users_buy_book, users_added_book_to_cart, users_postponed_book) values (3, '2015/10/26', 0, 'book-njr-794', 'Patton', 'http://dummyimage.com/303x315.png/dddddd/000000', 'Nullam varius. Nulla facilisi. Cras non velit nec nisi vulputate nonummy. Maecenas tincidunt lacus at velit. Vivamus vel nulla eget eros elementum pellentesque. Quisque porta volutpat erat.', 2452, 4, 17, 18, 1);
insert into books (id, pub_date, is_bestseller, slug, title, image, description, price, discount, users_buy_book, users_added_book_to_cart, users_postponed_book) values (4, '2019/06/01', 0, 'book-qvl-454', 'Animal Farm', 'http://dummyimage.com/641x596.png/ff4444/ffffff', 'Sed ante. Vivamus tortor. Duis mattis egestas metus. Aenean fermentum. Donec ut mauris eget massa tempor convallis.', 532, 3, 0, 0, 0);
insert into books (id, pub_date, is_bestseller, slug, title, image, description, price, discount, users_buy_book, users_added_book_to_cart, users_postponed_book) values (5, '2011/08/18', 1, 'book-mgs-971', 'Moebius', 'http://dummyimage.com/551x697.png/ff4444/ffffff', 'Phasellus in felis. Donec semper sapien a libero. Nam dui. Proin leo odio, porttitor id, consequat in, consequat ut, nulla. Sed accumsan felis. Ut at dolor quis odio consequat varius.', 1075, 4, 31, 12, 4);
insert into books (id, pub_date, is_bestseller, slug, title, image, description, price, discount, users_buy_book, users_added_book_to_cart, users_postponed_book) values (6, '2020/02/03', 1, 'book-xgb-310', 'Winning', 'http://dummyimage.com/576x278.png/5fa2dd/ffffff', 'Praesent lectus. Vestibulum quam sapien, varius ut, blandit non, interdum in, ante. Vestibulum ante ipsum primis in faucibus orci luctus et ultrices posuere cubilia Curae; Duis faucibus accumsan odio. Curabitur convallis. Duis consequat dui nec nisi volutpat eleifend.', 102, 5, 13, 4, 14);
insert into books (id, pub_date, is_bestseller, slug, title, image, description, price, discount, users_buy_book, users_added_book_to_cart, users_postponed_book) values (7, '2013/09/21', 0, 'book-qbc-180', '12:01 PM', 'http://dummyimage.com/708x326.png/cc0000/ffffff', 'Duis aliquam convallis nunc. Proin at turpis a pede posuere nonummy. Integer non velit. Donec diam neque, vestibulum eget, vulputate ut, ultrices vel, augue. Vestibulum ante ipsum primis in faucibus orci luctus et ultrices posuere cubilia Curae; Donec pharetra, magna vestibulum aliquet ultrices, erat tortor sollicitudin mi, sit amet lobortis sapien sapien non mi. Integer ac neque.', 217, 1, 0, 0, 0);
insert into books (id, pub_date, is_bestseller, slug, title, image, description, price, discount, users_buy_book, users_added_book_to_cart, users_postponed_book) values (8, '2015/01/04', 0, 'book-lcm-961', 'Born Romantic', 'http://dummyimage.com/755x680.png/5fa2dd/ffffff', 'Vivamus tortor. Duis mattis egestas metus. Aenean fermentum. Donec ut mauris eget massa tempor convallis. Nulla neque libero, convallis eget, eleifend luctus, ultricies eu, nibh.', 1996, 2, 28, 14, 15);
insert into books (id, pub_date, is_bestseller, slug, title, image, description, price, discount, users_buy_book, users_added_book_to_cart, users_postponed_book) values (9, '2019/12/12', 0, 'book-dsw-636', 'Frankenstein Syndrome, The', 'http://dummyimage.com/484x351.png/cc0000/ffffff', 'Duis aliquam convallis nunc. Proin at turpis a pede posuere nonummy. Integer non velit. Donec diam neque, vestibulum eget, vulputate ut, ultrices vel, augue. Vestibulum ante ipsum primis in faucibus orci luctus et ultrices posuere cubilia Curae; Donec pharetra, magna vestibulum aliquet ultrices, erat tortor sollicitudin mi, sit amet lobortis sapien sapien non mi.', 380, 0, 0, 0, 0);
insert into books (id, pub_date, is_bestseller, slug, title, image, description, price, discount, users_buy_book, users_added_book_to_cart, users_postponed_book) values (10, '2015/05/22', 1, 'book-ahr-713', 'Maidens'' Conspiracy, The (Tirante el Blanco)', 'http://dummyimage.com/654x666.png/cc0000/ffffff', 'Morbi porttitor lorem id ligula. Suspendisse ornare consequat lectus. In est risus, auctor sed, tristique in, tempus sit amet, sem. Fusce consequat. Nulla nisl. Nunc nisl.', 880, 3, 45, 2, 13);
insert into books (id, pub_date, is_bestseller, slug, title, image, description, price, discount, users_buy_book, users_added_book_to_cart, users_postponed_book) values (11, '2019/07/23', 0, 'book-cxg-350', 'Generation P', 'http://dummyimage.com/783x478.png/cc0000/ffffff', 'Nulla justo. Aliquam quis turpis eget elit sodales scelerisque. Mauris sit amet eros. Suspendisse accumsan tortor quis turpis. Sed ante.', 879, 3, 0, 0, 0);
insert into books (id, pub_date, is_bestseller, slug, title, image, description, price, discount, users_buy_book, users_added_book_to_cart, users_postponed_book) values (12, '2015/03/22', 1, 'book-obj-110', '1066', 'http://dummyimage.com/638x517.png/5fa2dd/ffffff', 'Quisque porta volutpat erat. Quisque erat eros, viverra eget, congue eget, semper rutrum, nulla. Nunc purus. Phasellus in felis. Donec semper sapien a libero. Nam dui.', 466, 2, 0, 0, 0);
insert into books (id, pub_date, is_bestseller, slug, title, image, description, price, discount, users_buy_book, users_added_book_to_cart, users_postponed_book) values (13, '2011/05/12', 1, 'book-liy-978', 'Heartbeat', 'http://dummyimage.com/515x493.png/dddddd/000000', 'Morbi vestibulum, velit id pretium iaculis, diam erat fermentum justo, nec condimentum neque sapien placerat ante. Nulla justo. Aliquam quis turpis eget elit sodales scelerisque. Mauris sit amet eros. Suspendisse accumsan tortor quis turpis. Sed ante.', 1077, 0, 4, 0, 13);
insert into books (id, pub_date, is_bestseller, slug, title, image, description, price, discount, users_buy_book, users_added_book_to_cart, users_postponed_book) values (14, '2013/05/06', 1, 'book-hfr-231', 'Oh, Susanna!', 'http://dummyimage.com/662x620.png/cc0000/ffffff', 'Donec vitae nisi. Nam ultrices, libero non mattis pulvinar, nulla pede ullamcorper augue, a suscipit nulla elit ac nulla. Sed vel enim sit amet nunc viverra dapibus. Nulla suscipit ligula in lacus. Curabitur at ipsum ac tellus semper interdum.', 1016, 0, 14, 11, 1);
insert into books (id, pub_date, is_bestseller, slug, title, image, description, price, discount, users_buy_book, users_added_book_to_cart, users_postponed_book) values (15, '2017/07/14', 1, 'book-hsw-665', 'Adventures of Ford Fairlane, The', 'http://dummyimage.com/766x519.png/cc0000/ffffff', 'Morbi sem mauris, laoreet ut, rhoncus aliquet, pulvinar sed, nisl. Nunc rhoncus dui vel sem. Sed sagittis. Nam congue, risus semper porta volutpat, quam pede lobortis ligula, sit amet eleifend pede libero quis orci. Nullam molestie nibh in lectus.', 483, 0, 15, 7, 1);
insert into books (id, pub_date, is_bestseller, slug, title, image, description, price, discount, users_buy_book, users_added_book_to_cart, users_postponed_book) values (16, '2017/02/12', 1, 'book-ake-284', 'The great match', 'http://dummyimage.com/624x339.png/5fa2dd/ffffff', 'Morbi ut odio. Cras mi pede, malesuada in, imperdiet et, commodo vulputate, justo. In blandit ultrices enim. Lorem ipsum dolor sit amet, consectetuer adipiscing elit. Proin interdum mauris non ligula pellentesque ultrices.', 1205, 4, 13, 45, 6);
insert into books (id, pub_date, is_bestseller, slug, title, image, description, price, discount, users_buy_book, users_added_book_to_cart, users_postponed_book) values (17, '2020/09/28', 1, 'book-sqt-795', 'Mallrats', 'http://dummyimage.com/635x354.png/ff4444/ffffff', 'Quisque porta volutpat erat. Quisque erat eros, viverra eget, congue eget, semper rutrum, nulla. Nunc purus. Phasellus in felis. Donec semper sapien a libero. Nam dui.', 577, 2, 0, 0, 0);
insert into books (id, pub_date, is_bestseller, slug, title, image, description, price, discount, users_buy_book, users_added_book_to_cart, users_postponed_book) values (18, '2010/12/29', 1, 'book-rrk-856', 'Series 7: The Contenders', 'http://dummyimage.com/708x679.png/cc0000/ffffff', 'In tempor, turpis nec euismod scelerisque, quam turpis adipiscing lorem, vitae mattis nibh ligula nec sem. Duis aliquam convallis nunc. Proin at turpis a pede posuere nonummy. Integer non velit. Donec diam neque, vestibulum eget, vulputate ut, ultrices vel, augue. Vestibulum ante ipsum primis in faucibus orci luctus et ultrices posuere cubilia Curae; Donec pharetra, magna vestibulum aliquet ultrices, erat tortor sollicitudin mi, sit amet lobortis sapien sapien non mi.', 1667, 0, 0, 0, 0);
insert into books (id, pub_date, is_bestseller, slug, title, image, description, price, discount, users_buy_book, users_added_book_to_cart, users_postponed_book) values (19, '2018/08/10', 1, 'book-hkh-554', 'Zatoichi Meets the One-Armed Swordsman', 'http://dummyimage.com/492x644.png/cc0000/ffffff', 'Phasellus in felis. Donec semper sapien a libero. Nam dui. Proin leo odio, porttitor id, consequat in, consequat ut, nulla. Sed accumsan felis. Ut at dolor quis odio consequat varius.', 2237, 4, 14, 13, 5);
insert into books (id, pub_date, is_bestseller, slug, title, image, description, price, discount, users_buy_book, users_added_book_to_cart, users_postponed_book) values (20, '2016/12/31', 0, 'book-xuh-218', 'My Left Eye Sees Ghosts (Ngo joh aan gin diy gwai)', 'http://dummyimage.com/337x427.png/cc0000/ffffff', 'Nam ultrices, libero non mattis pulvinar, nulla pede ullamcorper augue, a suscipit nulla elit ac nulla. Sed vel enim sit amet nunc viverra dapibus. Nulla suscipit ligula in lacus. Curabitur at ipsum ac tellus semper interdum. Mauris ullamcorper purus sit amet nulla. Quisque arcu libero, rutrum ac, lobortis vel, dapibus at, diam.', 1306, 3, 0, 0, 0);
insert into books (id, pub_date, is_bestseller, slug, title, image, description, price, discount, users_buy_book, users_added_book_to_cart, users_postponed_book) values (21, '2015/04/11', 0, 'book-efx-665', 'Three Wishes', 'http://dummyimage.com/651x514.png/cc0000/ffffff', 'In eleifend quam a odio. In hac habitasse platea dictumst. Maecenas ut massa quis augue luctus tincidunt. Nulla mollis molestie lorem. Quisque ut erat. Curabitur gravida nisi at nibh.', 822, 1, 14, 17,12);
insert into books (id, pub_date, is_bestseller, slug, title, image, description, price, discount, users_buy_book, users_added_book_to_cart, users_postponed_book) values (22, '2011/11/21', 1, 'book-wad-734', 'Legend of the Guardians: The Owls of Ga''Hoole', 'http://dummyimage.com/786x327.png/5fa2dd/ffffff', 'Maecenas leo odio, condimentum id, luctus nec, molestie sed, justo. Pellentesque viverra pede ac diam. Cras pellentesque volutpat dui. Maecenas tristique, est et tempus semper, est quam pharetra magna, ac consequat metus sapien ut nunc. Vestibulum ante ipsum primis in faucibus orci luctus et ultrices posuere cubilia Curae; Mauris viverra diam vitae quam.', 275, 4, 0, 0, 0);
insert into books (id, pub_date, is_bestseller, slug, title, image, description, price, discount, users_buy_book, users_added_book_to_cart, users_postponed_book) values (23, '2010/11/20', 1, 'book-asi-123', '4', 'http://dummyimage.com/709x510.png/dddddd/000000', 'Phasellus in felis. Donec semper sapien a libero. Nam dui. Proin leo odio, porttitor id, consequat in, consequat ut, nulla. Sed accumsan felis. Ut at dolor quis odio consequat varius.', 394, 3, 22, 22, 1);
insert into books (id, pub_date, is_bestseller, slug, title, image, description, price, discount, users_buy_book, users_added_book_to_cart, users_postponed_book) values (24, '2017/12/07', 1, 'book-piw-264', 'Man with One Red Shoe, The', 'http://dummyimage.com/553x463.png/ff4444/ffffff', 'In est risus, auctor sed, tristique in, tempus sit amet, sem. Fusce consequat. Nulla nisl. Nunc nisl. Duis bibendum, felis sed interdum venenatis, turpis enim blandit mi, in porttitor pede justo eu massa. Donec dapibus.', 1711, 5, 31, 12, 2);
insert into books (id, pub_date, is_bestseller, slug, title, image, description, price, discount, users_buy_book, users_added_book_to_cart, users_postponed_book) values (25, '2016/05/01', 1, 'book-ipe-937', 'Lives of Others, The (Das leben der Anderen)', 'http://dummyimage.com/340x280.png/dddddd/000000', 'Nullam porttitor lacus at turpis. Donec posuere metus vitae ipsum. Aliquam non mauris. Morbi non lectus. Aliquam sit amet diam in magna bibendum imperdiet.', 2213, 0, 3, 4, 5);
insert into books (id, pub_date, is_bestseller, slug, title, image, description, price, discount, users_buy_book, users_added_book_to_cart, users_postponed_book) values (26, '2013/10/18', 0, 'book-jbp-652', 'Don''t Tempt Me (Sin noticias de Dios)', 'http://dummyimage.com/399x369.png/ff4444/ffffff', 'Vivamus vel nulla eget eros elementum pellentesque. Quisque porta volutpat erat. Quisque erat eros, viverra eget, congue eget, semper rutrum, nulla. Nunc purus. Phasellus in felis. Donec semper sapien a libero.', 1015, 3, 5, 6, 7);
insert into books (id, pub_date, is_bestseller, slug, title, image, description, price, discount, users_buy_book, users_added_book_to_cart, users_postponed_book) values (27, '2020/01/25', 1, 'book-beo-499', 'Six of a Kind', 'http://dummyimage.com/398x649.png/ff4444/ffffff', 'In eleifend quam a odio. In hac habitasse platea dictumst. Maecenas ut massa quis augue luctus tincidunt. Nulla mollis molestie lorem. Quisque ut erat. Curabitur gravida nisi at nibh.', 1357, 0, 7, 8, 9);
insert into books (id, pub_date, is_bestseller, slug, title, image, description, price, discount, users_buy_book, users_added_book_to_cart, users_postponed_book) values (28, '2012/12/30', 1, 'book-eof-861', 'Big Wedding, The', 'http://dummyimage.com/781x522.png/5fa2dd/ffffff', 'Vivamus vel nulla eget eros elementum pellentesque. Quisque porta volutpat erat. Quisque erat eros, viverra eget, congue eget, semper rutrum, nulla. Nunc purus. Phasellus in felis.', 298, 4, 19, 10, 4);
insert into books (id, pub_date, is_bestseller, slug, title, image, description, price, discount, users_buy_book, users_added_book_to_cart, users_postponed_book) values (29, '2020/08/29', 0, 'book-iob-021', 'Acacias, Las', 'http://dummyimage.com/692x774.png/ff4444/ffffff', 'Cum sociis natoque penatibus et magnis dis parturient montes, nascetur ridiculus mus. Etiam vel augue. Vestibulum rutrum rutrum neque. Aenean auctor gravida sem. Praesent id massa id nisl venenatis lacinia. Aenean sit amet justo.', 1292, 1, 3, 5, 7);
insert into books (id, pub_date, is_bestseller, slug, title, image, description, price, discount, users_buy_book, users_added_book_to_cart, users_postponed_book) values (30, '2014/09/15', 1, 'book-rca-214', 'Vince Vaughn''s Wild West Comedy Show: 30 Days & 30 Nights - Hollywood to the Heartland', 'http://dummyimage.com/300x567.png/ff4444/ffffff', 'Maecenas tristique, est et tempus semper, est quam pharetra magna, ac consequat metus sapien ut nunc. Vestibulum ante ipsum primis in faucibus orci luctus et ultrices posuere cubilia Curae; Mauris viverra diam vitae quam. Suspendisse potenti. Nullam porttitor lacus at turpis. Donec posuere metus vitae ipsum.', 1061, 1, 0, 0, 0);
insert into books (id, pub_date, is_bestseller, slug, title, image, description, price, discount, users_buy_book, users_added_book_to_cart, users_postponed_book) values (31, '2014/12/29', 1, 'book-cmt-975', 'Life is a Bed of Roses (Vie est un roman, La)', 'http://dummyimage.com/494x428.png/5fa2dd/ffffff', 'Vestibulum ac est lacinia nisi venenatis tristique. Fusce congue, diam id ornare imperdiet, sapien urna pretium nisl, ut volutpat sapien arcu sed augue. Aliquam erat volutpat. In congue. Etiam justo.', 2388, 1, 7, 5, 3);
insert into books (id, pub_date, is_bestseller, slug, title, image, description, price, discount, users_buy_book, users_added_book_to_cart, users_postponed_book) values (32, '2018/10/04', 1, 'book-iky-028', 'Red Hook Summer', 'http://dummyimage.com/424x440.png/cc0000/ffffff', 'In sagittis dui vel nisl. Duis ac nibh. Fusce lacus purus, aliquet at, feugiat non, pretium quis, lectus. Suspendisse potenti. In eleifend quam a odio.', 2248, 0, 0, 0, 0);
insert into books (id, pub_date, is_bestseller, slug, title, image, description, price, discount, users_buy_book, users_added_book_to_cart, users_postponed_book) values (33, '2016/10/25', 1, 'book-gqn-956', 'Hearts in Atlantis', 'http://dummyimage.com/588x394.png/ff4444/ffffff', 'Praesent blandit. Nam nulla. Integer pede justo, lacinia eget, tincidunt eget, tempus vel, pede. Morbi porttitor lorem id ligula. Suspendisse ornare consequat lectus. In est risus, auctor sed, tristique in, tempus sit amet, sem.', 1112, 0, 4, 7, 8);
insert into books (id, pub_date, is_bestseller, slug, title, image, description, price, discount, users_buy_book, users_added_book_to_cart, users_postponed_book) values (34, '2018/10/24', 0, 'book-isq-489', 'Rabbit Hole', 'http://dummyimage.com/558x730.png/cc0000/ffffff', 'Suspendisse potenti. Nullam porttitor lacus at turpis. Donec posuere metus vitae ipsum. Aliquam non mauris. Morbi non lectus. Aliquam sit amet diam in magna bibendum imperdiet.', 1242, 1, 5, 7, 8);
insert into books (id, pub_date, is_bestseller, slug, title, image, description, price, discount, users_buy_book, users_added_book_to_cart, users_postponed_book) values (35, '2014/03/11', 1, 'book-ifk-080', 'Me and the Colonel ', 'http://dummyimage.com/374x426.png/5fa2dd/ffffff', 'Vestibulum ante ipsum primis in faucibus orci luctus et ultrices posuere cubilia Curae; Donec pharetra, magna vestibulum aliquet ultrices, erat tortor sollicitudin mi, sit amet lobortis sapien sapien non mi. Integer ac neque. Duis bibendum. Morbi non quam nec dui luctus rutrum. Nulla tellus. In sagittis dui vel nisl.', 2094, 4, 0, 0, 0);
insert into books (id, pub_date, is_bestseller, slug, title, image, description, price, discount, users_buy_book, users_added_book_to_cart, users_postponed_book) values (36, '2018/06/03', 0, 'book-zbk-619', 'Young Poisoner''s Handbook, The', 'http://dummyimage.com/335x352.png/cc0000/ffffff', 'Morbi non quam nec dui luctus rutrum. Nulla tellus. In sagittis dui vel nisl. Duis ac nibh. Fusce lacus purus, aliquet at, feugiat non, pretium quis, lectus.', 2237, 5, 11, 4, 6);
insert into books (id, pub_date, is_bestseller, slug, title, image, description, price, discount, users_buy_book, users_added_book_to_cart, users_postponed_book) values (37, '2013/09/30', 1, 'book-bnw-712', 'Five Angles on Murder', 'http://dummyimage.com/311x763.png/5fa2dd/ffffff', 'Sed vel enim sit amet nunc viverra dapibus. Nulla suscipit ligula in lacus. Curabitur at ipsum ac tellus semper interdum. Mauris ullamcorper purus sit amet nulla. Quisque arcu libero, rutrum ac, lobortis vel, dapibus at, diam. Nam tristique tortor eu pede.', 1882, 4, 32, 12, 2);
insert into books (id, pub_date, is_bestseller, slug, title, image, description, price, discount, users_buy_book, users_added_book_to_cart, users_postponed_book) values (38, '2020/08/02', 0, 'book-dcn-472', 'Loss of a Teardrop Diamond, The', 'http://dummyimage.com/624x790.png/dddddd/000000', 'Lorem ipsum dolor sit amet, consectetuer adipiscing elit. Proin interdum mauris non ligula pellentesque ultrices. Phasellus id sapien in sapien iaculis congue. Vivamus metus arcu, adipiscing molestie, hendrerit at, vulputate vitae, nisl. Aenean lectus. Pellentesque eget nunc.', 977, 0, 11, 12, 13);
insert into books (id, pub_date, is_bestseller, slug, title, image, description, price, discount, users_buy_book, users_added_book_to_cart, users_postponed_book) values (39, '2011/12/17', 1, 'book-nrw-817', 'Sex Galaxy', 'http://dummyimage.com/475x524.png/cc0000/ffffff', 'Pellentesque ultrices mattis odio. Donec vitae nisi. Nam ultrices, libero non mattis pulvinar, nulla pede ullamcorper augue, a suscipit nulla elit ac nulla. Sed vel enim sit amet nunc viverra dapibus. Nulla suscipit ligula in lacus. Curabitur at ipsum ac tellus semper interdum.', 1529, 4, 5, 7, 9);
insert into books (id, pub_date, is_bestseller, slug, title, image, description, price, discount, users_buy_book, users_added_book_to_cart, users_postponed_book) values (40, '2019/10/13', 1, 'book-mss-997', 'Time of Roses (Ruusujen aika)', 'http://dummyimage.com/664x620.png/ff4444/ffffff', 'In tempor, turpis nec euismod scelerisque, quam turpis adipiscing lorem, vitae mattis nibh ligula nec sem. Duis aliquam convallis nunc. Proin at turpis a pede posuere nonummy. Integer non velit. Donec diam neque, vestibulum eget, vulputate ut, ultrices vel, augue.', 2139, 5, 5, 7, 9);
insert into books (id, pub_date, is_bestseller, slug, title, image, description, price, discount, users_buy_book, users_added_book_to_cart, users_postponed_book) values (41, '2014/07/04', 1, 'book-ixb-513', 'The Identical', 'http://dummyimage.com/314x768.png/ff4444/ffffff', 'In hac habitasse platea dictumst. Etiam faucibus cursus urna. Ut tellus. Nulla ut erat id mauris vulputate elementum. Nullam varius.', 667, 5, 42, 14, 1);
insert into books (id, pub_date, is_bestseller, slug, title, image, description, price, discount, users_buy_book, users_added_book_to_cart, users_postponed_book) values (42, '2020/08/18', 0, 'book-tes-685', 'Stranger, The (Straniero, Lo)', 'http://dummyimage.com/545x327.png/ff4444/ffffff', 'Morbi porttitor lorem id ligula. Suspendisse ornare consequat lectus. In est risus, auctor sed, tristique in, tempus sit amet, sem. Fusce consequat. Nulla nisl. Nunc nisl.', 1154, 3, 6, 7, 8);
insert into books (id, pub_date, is_bestseller, slug, title, image, description, price, discount, users_buy_book, users_added_book_to_cart, users_postponed_book) values (43, '2016/10/03', 1, 'book-xac-319', 'Lady Death', 'http://dummyimage.com/616x508.png/cc0000/ffffff', 'Sed sagittis. Nam congue, risus semper porta volutpat, quam pede lobortis ligula, sit amet eleifend pede libero quis orci. Nullam molestie nibh in lectus. Pellentesque at nulla. Suspendisse potenti. Cras in purus eu magna vulputate luctus.', 539, 1, 10, 11, 14);
insert into books (id, pub_date, is_bestseller, slug, title, image, description, price, discount, users_buy_book, users_added_book_to_cart, users_postponed_book) values (44, '2015/03/17', 0, 'book-ryc-693', 'Freddy Got Fingered', 'http://dummyimage.com/656x683.png/ff4444/ffffff', 'Duis mattis egestas metus. Aenean fermentum. Donec ut mauris eget massa tempor convallis. Nulla neque libero, convallis eget, eleifend luctus, ultricies eu, nibh. Quisque id justo sit amet sapien dignissim vestibulum. Vestibulum ante ipsum primis in faucibus orci luctus et ultrices posuere cubilia Curae; Nulla dapibus dolor vel est.', 686, 5, 0, 0, 0);
insert into books (id, pub_date, is_bestseller, slug, title, image, description, price, discount, users_buy_book, users_added_book_to_cart, users_postponed_book) values (45, '2018/04/02', 0, 'book-epc-586', 'Liliom', 'http://dummyimage.com/800x776.png/cc0000/ffffff', 'Pellentesque at nulla. Suspendisse potenti. Cras in purus eu magna vulputate luctus. Cum sociis natoque penatibus et magnis dis parturient montes, nascetur ridiculus mus. Vivamus vestibulum sagittis sapien. Cum sociis natoque penatibus et magnis dis parturient montes, nascetur ridiculus mus.', 1145, 4, 0, 0, 0);
insert into books (id, pub_date, is_bestseller, slug, title, image, description, price, discount, users_buy_book, users_added_book_to_cart, users_postponed_book) values (46, '2017/01/17', 1, 'book-jyu-939', 'Chasers, The (Jakten)', 'http://dummyimage.com/522x528.png/dddddd/000000', 'Fusce lacus purus, aliquet at, feugiat non, pretium quis, lectus. Suspendisse potenti. In eleifend quam a odio. In hac habitasse platea dictumst. Maecenas ut massa quis augue luctus tincidunt.', 2310, 5, 15, 61, 4);
insert into books (id, pub_date, is_bestseller, slug, title, image, description, price, discount, users_buy_book, users_added_book_to_cart, users_postponed_book) values (47, '2014/03/27', 1, 'book-inm-654', 'Within the Woods', 'http://dummyimage.com/326x256.png/cc0000/ffffff', 'Proin leo odio, porttitor id, consequat in, consequat ut, nulla. Sed accumsan felis. Ut at dolor quis odio consequat varius. Integer ac leo. Pellentesque ultrices mattis odio.', 1293, 2, 5, 17, 12);
insert into books (id, pub_date, is_bestseller, slug, title, image, description, price, discount, users_buy_book, users_added_book_to_cart, users_postponed_book) values (48, '2016/06/06', 0, 'book-uiq-387', 'Death Wish 3', 'http://dummyimage.com/476x321.png/cc0000/ffffff', 'Morbi porttitor lorem id ligula. Suspendisse ornare consequat lectus. In est risus, auctor sed, tristique in, tempus sit amet, sem. Fusce consequat. Nulla nisl. Nunc nisl.', 1381, 1, 15, 16, 7);
insert into books (id, pub_date, is_bestseller, slug, title, image, description, price, discount, users_buy_book, users_added_book_to_cart, users_postponed_book) values (49, '2015/10/10', 1, 'book-tyh-547', 'See You in the Morning', 'http://dummyimage.com/298x269.png/ff4444/ffffff', 'Maecenas tristique, est et tempus semper, est quam pharetra magna, ac consequat metus sapien ut nunc. Vestibulum ante ipsum primis in faucibus orci luctus et ultrices posuere cubilia Curae; Mauris viverra diam vitae quam. Suspendisse potenti. Nullam porttitor lacus at turpis. Donec posuere metus vitae ipsum. Aliquam non mauris.', 2197, 4, 0, 0, 0);
insert into books (id, pub_date, is_bestseller, slug, title, image, description, price, discount, users_buy_book, users_added_book_to_cart, users_postponed_book) values (50, '2011/02/23', 0, 'book-prj-306', 'Proposition, The', 'http://dummyimage.com/534x457.png/5fa2dd/ffffff', 'Pellentesque eget nunc. Donec quis orci eget orci vehicula condimentum. Curabitur in libero ut massa volutpat convallis. Morbi odio odio, elementum eu, interdum eu, tincidunt in, leo. Maecenas pulvinar lobortis est.', 1785, 5, 16, 7, 8);

--tags
insert into tags (id, tag_name) values (1, 'cовременная литература');
insert into tags (id, tag_name) values (2, 'классическая литература');
insert into tags (id, tag_name) values (3, 'зарубежная литература');
insert into tags (id, tag_name) values (4, 'фэнтези');
insert into tags (id, tag_name) values (5, 'английская литература');
insert into tags (id, tag_name) values (6, 'русская литература');
insert into tags (id, tag_name) values (7, 'американская литература');
insert into tags (id, tag_name) values (8, 'фантастика');
insert into tags (id, tag_name) values (9, 'детская литература');
insert into tags (id, tag_name) values (10, 'детектив');
insert into tags (id, tag_name) values (11, 'любовь');
insert into tags (id, tag_name) values (12, 'мистика');
insert into tags (id, tag_name) values (13, 'юмор');
insert into tags (id, tag_name) values (14, 'приключения');
insert into tags (id, tag_name) values (15, 'сказка');
insert into tags (id, tag_name) values (16, 'французская литература');
insert into tags (id, tag_name) values (17, 'англия');
insert into tags (id, tag_name) values (18, 'художественная литература');
insert into tags (id, tag_name) values (19, 'психология');
insert into tags (id, tag_name) values (20, 'философия');
insert into tags (id, tag_name) values (21, 'экранизировано');
insert into tags (id, tag_name) values (22, 'любимое');
insert into tags (id, tag_name) values (23, 'антиутопия');
insert into tags (id, tag_name) values (24, 'books you must read before you die');
insert into tags (id, tag_name) values (25, 'роман');
insert into tags (id, tag_name) values (26, 'франция');
insert into tags (id, tag_name) values (27, 'дайте две');
insert into tags (id, tag_name) values (28, 'young adult');
insert into tags (id, tag_name) values (29, 'война');
insert into tags (id, tag_name) values (30, 'история');
insert into tags (id, tag_name) values (31, 'флэшмоб 2016');
insert into tags (id, tag_name) values (32, 'детство');
insert into tags (id, tag_name) values (33, 'жизнь');
insert into tags (id, tag_name) values (34, 'драма');
insert into tags (id, tag_name) values (35, 'россия');
insert into tags (id, tag_name) values (36, 'книжное путешествие');
insert into tags (id, tag_name) values (37, 'советская литература');
insert into tags (id, tag_name) values (38, 'триллер');
insert into tags (id, tag_name) values (39, 'америка');
insert into tags (id, tag_name) values (40, 'немецкая литература');
insert into tags (id, tag_name) values (41, 'вампиры');
insert into tags (id, tag_name) values (42, 'школьная программа');
insert into tags (id, tag_name) values (43, 'рассказы');
insert into tags (id, tag_name) values (44, 'магия');
insert into tags (id, tag_name) values (45, 'дети');
insert into tags (id, tag_name) values (46, 'русская классика');
insert into tags (id, tag_name) values (47, 'флэшмоб 2015');
insert into tags (id, tag_name) values (48, 'биография');
insert into tags (id, tag_name) values (49, 'english');

--book2Tag
insert into book2tag (id, book_id, tag_id) values (1, 1, 1);
insert into book2tag (id, book_id, tag_id) values (2, 2, 2);
insert into book2tag (id, book_id, tag_id) values (3, 3, 3);
insert into book2tag (id, book_id, tag_id) values (4, 4, 4);
insert into book2tag (id, book_id, tag_id) values (5, 5, 5);
insert into book2tag (id, book_id, tag_id) values (6, 6, 6);
insert into book2tag (id, book_id, tag_id) values (7, 7, 7);
insert into book2tag (id, book_id, tag_id) values (8, 8, 8);
insert into book2tag (id, book_id, tag_id) values (9, 9, 9);
insert into book2tag (id, book_id, tag_id) values (10, 10, 1);
insert into book2tag (id, book_id, tag_id) values (11, 11, 1);
insert into book2tag (id, book_id, tag_id) values (12, 12, 1);
insert into book2tag (id, book_id, tag_id) values (13, 13, 1);
insert into book2tag (id, book_id, tag_id) values (14, 14, 1);
insert into book2tag (id, book_id, tag_id) values (15, 15, 1);
insert into book2tag (id, book_id, tag_id) values (16, 16, 1);
insert into book2tag (id, book_id, tag_id) values (17, 17, 1);
insert into book2tag (id, book_id, tag_id) values (18, 18, 1);
insert into book2tag (id, book_id, tag_id) values (19, 19, 1);
insert into book2tag (id, book_id, tag_id) values (20, 20, 2);
insert into book2tag (id, book_id, tag_id) values (21, 21, 2);
insert into book2tag (id, book_id, tag_id) values (22, 22, 2);
insert into book2tag (id, book_id, tag_id) values (23, 23, 2);
insert into book2tag (id, book_id, tag_id) values (24, 24, 2);
insert into book2tag (id, book_id, tag_id) values (25, 25, 2);
insert into book2tag (id, book_id, tag_id) values (26, 26, 26);
insert into book2tag (id, book_id, tag_id) values (27, 27, 27);
insert into book2tag (id, book_id, tag_id) values (28, 28, 28);
insert into book2tag (id, book_id, tag_id) values (29, 29, 29);
insert into book2tag (id, book_id, tag_id) values (30, 30, 3);
insert into book2tag (id, book_id, tag_id) values (31, 31, 3);
insert into book2tag (id, book_id, tag_id) values (32, 32, 32);
insert into book2tag (id, book_id, tag_id) values (33, 33, 33);
insert into book2tag (id, book_id, tag_id) values (34, 34, 34);
insert into book2tag (id, book_id, tag_id) values (35, 35, 35);
insert into book2tag (id, book_id, tag_id) values (36, 36, 36);
insert into book2tag (id, book_id, tag_id) values (37, 37, 37);
insert into book2tag (id, book_id, tag_id) values (38, 38, 38);
insert into book2tag (id, book_id, tag_id) values (39, 39, 39);
insert into book2tag (id, book_id, tag_id) values (40, 40, 4);
insert into book2tag (id, book_id, tag_id) values (41, 41, 4);
insert into book2tag (id, book_id, tag_id) values (42, 42, 4);
insert into book2tag (id, book_id, tag_id) values (43, 43, 4);
insert into book2tag (id, book_id, tag_id) values (44, 44, 4);
insert into book2tag (id, book_id, tag_id) values (45, 45, 4);
insert into book2tag (id, book_id, tag_id) values (46, 46, 4);
insert into book2tag (id, book_id, tag_id) values (47, 47, 4);
insert into book2tag (id, book_id, tag_id) values (48, 48, 4);
insert into book2tag (id, book_id, tag_id) values (49, 49, 4);

--genre
insert into genre (id, parent_id, slug, name) values (1, 0, '1', 'Легкое чтение');
    insert into genre (id, parent_id, slug, name) values (2, 1, '21', 'Фантастика');
    insert into genre (id, parent_id, slug, name) values (3, 1, '31', 'Боевики');
    insert into genre (id, parent_id, slug, name) values (4, 1, '41', 'Детевтивы');
        insert into genre (id, parent_id, slug, name) values (5, 4, '54', 'Триллер');
        insert into genre (id, parent_id, slug, name) values (6, 4, '64', 'Крутой детектив');
        insert into genre (id, parent_id, slug, name) values (7, 4, '74', 'Иронический детектив');
        insert into genre (id, parent_id, slug, name) values (8, 4, '84', 'Про маньяков');
        insert into genre (id, parent_id, slug, name) values (9, 4, '94', 'Шпионский детектив');
        insert into genre (id, parent_id, slug, name) values (10, 4, '104', 'Криминальный детектив');
        insert into genre (id, parent_id, slug, name) values (11, 4, '114', 'Классический детектив');
        insert into genre (id, parent_id, slug, name) values (12, 4, '124', 'Политический детектив');
    insert into genre (id, parent_id, slug, name) values (13, 1, '131', 'Фэнтези');
    insert into genre (id, parent_id, slug, name) values (14, 1, '141', 'Романы');
    insert into genre (id, parent_id, slug, name) values (15, 1, '151', 'Ужасы');
    insert into genre (id, parent_id, slug, name) values (16, 1, '161', 'Приключения');
insert into genre (id, parent_id, slug, name) values (17, 0 , '17', 'Серьезное чтение');
    insert into genre (id, parent_id, slug, name) values (18, 17, '1817', 'Биографии');
insert into genre (id, parent_id, slug, name) values (19, 0 , '19', 'Деловая литература');
    insert into genre (id, parent_id, slug, name) values (20, 19, '2019', 'Деловая литература');
    insert into genre (id, parent_id, slug, name) values (21, 19, '2119', 'Управление экономикой');
    insert into genre (id, parent_id, slug, name) values (22, 19, '2219', 'Карьера');
    insert into genre (id, parent_id, slug, name) values (23, 19, '2319', 'Маркетинг, PR, реклама');
    insert into genre (id, parent_id, slug, name) values (24, 19, '2419', 'Финансы');
    insert into genre (id, parent_id, slug, name) values (25, 19, '2519', 'Бизнес-справочники');
    insert into genre (id, parent_id, slug, name) values (26, 19, '2619', 'Личные финансы');
    insert into genre (id, parent_id, slug, name) values (27, 19, '2719', 'Менеджмент');
    insert into genre (id, parent_id, slug, name) values (28, 19, '2819', 'Зарубежная деловая литература');
    insert into genre (id, parent_id, slug, name) values (29, 19, '2919', 'Личная эффективность');
    insert into genre (id, parent_id, slug, name) values (30, 19, '3019', 'Тайм-менеджмент');
insert into genre (id, parent_id, slug, name) values (31, 0 , '31', 'Драматургия');
    insert into genre (id, parent_id, slug, name) values (32, 31, '3231', 'Античная драма');
    insert into genre (id, parent_id, slug, name) values (33, 31, '3331', 'Комедия');
    insert into genre (id, parent_id, slug, name) values (34, 31, '3431', 'Сценарий');
    insert into genre (id, parent_id, slug, name) values (35, 31, '3531', 'Драма, пьеса');

--book2genre
insert into book2genre (id, book_id, genre_id) values (1, 1, 1);
insert into book2genre (id, book_id, genre_id) values (2, 2, 2);
insert into book2genre (id, book_id, genre_id) values (3, 3, 3);
insert into book2genre (id, book_id, genre_id) values (4, 4, 4);
insert into book2genre (id, book_id, genre_id) values (5, 5, 6);
insert into book2genre (id, book_id, genre_id) values (6, 6, 6);
insert into book2genre (id, book_id, genre_id) values (7, 7, 6);
insert into book2genre (id, book_id, genre_id) values (8, 8, 6);
insert into book2genre (id, book_id, genre_id) values (9, 9, 6);
insert into book2genre (id, book_id, genre_id) values (10, 10, 1);
insert into book2genre (id, book_id, genre_id) values (11, 11, 1);
insert into book2genre (id, book_id, genre_id) values (12, 12, 1);
insert into book2genre (id, book_id, genre_id) values (13, 13, 1);
insert into book2genre (id, book_id, genre_id) values (14, 14, 1);
insert into book2genre (id, book_id, genre_id) values (15, 15, 1);
insert into book2genre (id, book_id, genre_id) values (16, 16, 1);
insert into book2genre (id, book_id, genre_id) values (17, 17, 1);
insert into book2genre (id, book_id, genre_id) values (18, 18, 1);
insert into book2genre (id, book_id, genre_id) values (19, 19, 1);
insert into book2genre (id, book_id, genre_id) values (20, 20, 2);
insert into book2genre (id, book_id, genre_id) values (21, 21, 2);
insert into book2genre (id, book_id, genre_id) values (22, 22, 2);
insert into book2genre (id, book_id, genre_id) values (23, 23, 2);
insert into book2genre (id, book_id, genre_id) values (24, 24, 2);
insert into book2genre (id, book_id, genre_id) values (25, 25, 2);
insert into book2genre (id, book_id, genre_id) values (26, 26, 26);
insert into book2genre (id, book_id, genre_id) values (27, 27, 27);
insert into book2genre (id, book_id, genre_id) values (28, 28, 28);
insert into book2genre (id, book_id, genre_id) values (29, 29, 29);
insert into book2genre (id, book_id, genre_id) values (30, 30, 3);
insert into book2genre (id, book_id, genre_id) values (31, 31, 3);
insert into book2genre (id, book_id, genre_id) values (32, 32, 1);
insert into book2genre (id, book_id, genre_id) values (33, 33, 1);
insert into book2genre (id, book_id, genre_id) values (34, 34, 1);
insert into book2genre (id, book_id, genre_id) values (35, 35, 35);

--book2author
insert into book2author (id, author_id, book_id, sort_index) values (1, 1, 1, 1);
insert into book2author (id, author_id, book_id, sort_index) values (2, 1, 2, 2);
insert into book2author (id, author_id, book_id, sort_index) values (3, 1, 3, 3);
insert into book2author (id, author_id, book_id, sort_index) values (4, 1, 4, 4);
insert into book2author (id, author_id, book_id, sort_index) values (5, 1, 5, 5);
insert into book2author (id, author_id, book_id, sort_index) values (6, 1, 6, 6);
insert into book2author (id, author_id, book_id, sort_index) values (7, 1, 7, 7);
insert into book2author (id, author_id, book_id, sort_index) values (8, 1, 8, 8);
insert into book2author (id, author_id, book_id, sort_index) values (9, 9, 9, 9);
insert into book2author (id, author_id, book_id, sort_index) values (10, 10, 10, 10);
insert into book2author (id, author_id, book_id, sort_index) values (11, 1, 11, 11);
insert into book2author (id, author_id, book_id, sort_index) values (12, 12, 2, 12);
insert into book2author (id, author_id, book_id, sort_index) values (13, 13, 3, 13);
insert into book2author (id, author_id, book_id, sort_index) values (14, 14, 4, 14);
insert into book2author (id, author_id, book_id, sort_index) values (15, 15, 5, 15);
insert into book2author (id, author_id, book_id, sort_index) values (16, 16, 6, 16);
insert into book2author (id, author_id, book_id, sort_index) values (17, 1, 17, 17);
insert into book2author (id, author_id, book_id, sort_index) values (18, 1, 18, 18);
insert into book2author (id, author_id, book_id, sort_index) values (19, 1, 19, 19);
insert into book2author (id, author_id, book_id, sort_index) values (20, 4, 20, 20);
insert into book2author (id, author_id, book_id, sort_index) values (21, 4, 21, 10);
insert into book2author (id, author_id, book_id, sort_index) values (22, 4, 22, 12);
insert into book2author (id, author_id, book_id, sort_index) values (23, 4, 23, 13);
insert into book2author (id, author_id, book_id, sort_index) values (24, 4, 24, 14);
insert into book2author (id, author_id, book_id, sort_index) values (25, 4, 25, 15);
insert into book2author (id, author_id, book_id, sort_index) values (26, 7, 26, 16);
insert into book2author (id, author_id, book_id, sort_index) values (27, 7, 27, 17);
insert into book2author (id, author_id, book_id, sort_index) values (28, 7, 28, 18);
insert into book2author (id, author_id, book_id, sort_index) values (29, 8, 29, 19);
insert into book2author (id, author_id, book_id, sort_index) values (30, 20, 30, 20);